customer_id,age,gender,tenure,balance,products_number,has_cr_card,is_active_member,estimated_salary,churn
1,56,Male,17,6935.642740616049,2,0,1,101438.67792687613,1
2,69,Male,50,554.0585420305638,2,0,1,48033.47525514125,0
3,46,Male,40,1331.807399924624,1,1,0,33217.96577538717,0
4,32,Female,45,8006.085044816971,1,1,1,63985.56397138349,1
5,60,Male,32,2547.807756310567,3,0,0,84395.65794476136,1
6,25,Male,29,-748.1679252626773,3,0,0,58095.1845023475,1
7,38,Male,51,691.7026463483419,1,0,1,25456.540828269895,0
8,56,Female,58,1459.7587794594237,1,1,0,79946.11396587166,1
9,36,Female,3,9530.55176684046,1,0,0,110240.32761106748,0
10,40,Male,56,5303.455718239343,2,0,0,58321.53659472517,1
11,28,Male,40,9260.038145238803,2,1,0,41633.277763082704,0
12,28,Male,34,5326.796855462874,2,1,0,64257.73459328154,1
13,41,Male,40,4272.898841516369,1,0,0,24836.271104878087,0
14,53,Female,27,2451.0046031350566,3,1,1,102048.75844802748,1
15,57,Female,13,5670.080388767132,1,0,0,102634.08109501867,0
16,41,Female,45,531.1782707928282,2,1,1,78800.04634296284,0
17,20,Female,33,8880.877900219766,2,0,1,55310.28889383895,0
18,39,Male,6,8122.656456554121,1,0,0,99978.33644457834,0
19,19,Male,24,2492.8459266441073,1,0,1,75468.70247883673,0
20,41,Male,19,9480.772803614238,2,0,1,102593.23085500162,0
21,61,Female,16,8077.208441571249,2,1,0,83145.87925830207,0
22,47,Male,40,6329.375744185437,2,1,0,98440.54732127974,0
23,55,Female,28,339.38102237802264,1,1,0,79856.299321776,1
24,19,Female,33,4260.574253528795,2,1,1,61414.106821566624,0
25,38,Male,59,4567.183103314259,2,0,1,115794.58599261376,0
26,50,Male,59,1558.0649420191812,3,0,0,74111.38248788448,1
27,29,Male,48,-120.38066204767858,1,1,0,80508.95185405384,0
28,39,Female,41,7543.959935188619,3,1,1,42048.76394147493,1
29,61,Male,13,342.3855733683454,3,1,1,82565.07894272765,0
30,42,Female,43,5537.198256179522,2,1,1,77160.76494829438,1
31,66,Male,45,9300.940912720265,1,1,1,38483.83979470249,1
32,44,Female,25,8637.157118578469,2,0,0,25958.709735314373,0
33,59,Female,53,2055.2788612418726,1,0,1,80435.93197147711,1
34,45,Male,42,8365.935013063918,3,0,1,96369.22693503206,0
35,33,Female,36,-996.3424326746165,1,1,1,72340.13709220082,0
36,32,Female,27,-805.4340942541705,2,1,1,42677.262531964574,0
37,64,Male,38,5628.0848022715145,2,1,0,86652.1976693035,0
38,68,Female,7,3012.7804105898244,2,1,0,28010.572660960224,1
39,61,Male,5,3251.069252750619,1,0,1,64183.37048019546,0
40,69,Female,43,5208.851997467707,3,0,1,36336.67583984202,1
41,20,Male,45,1109.6070115104662,3,1,0,38445.905105988335,1
42,54,Male,58,1329.3088573202617,1,0,0,40229.39491582036,0
43,68,Female,57,4330.6174572075115,2,0,1,58670.70570439779,0
44,24,Female,51,7296.788987782493,3,1,1,25115.02056203976,0
45,38,Female,31,5814.475265483465,2,1,0,59779.34409290982,0
46,26,Female,23,2270.905530605228,1,1,0,71170.74471147009,1
47,56,Female,42,3733.708952598133,2,1,0,68329.42849663252,0
48,35,Male,10,877.3123440499826,3,1,0,58278.41004030406,1
49,21,Female,32,-179.07204229210117,3,1,0,103914.66080707524,0
50,42,Male,43,7609.656448185642,2,0,0,34532.66924205041,0
51,31,Male,53,1919.2615010701406,1,0,1,70569.6743781374,0
52,67,Female,30,955.4302663637302,2,1,0,26204.14169565543,0
53,26,Male,39,6607.798611262512,1,0,0,27115.567887790974,1
54,43,Male,31,5798.568417159046,2,1,0,77386.58496770964,1
55,19,Male,18,5965.085886148105,3,1,0,76601.8424887821,0
56,37,Male,36,1517.84065331275,1,1,1,107803.3512844457,1
57,45,Female,2,1559.1009241894908,1,1,1,75787.36756600732,1
58,64,Male,14,1428.8289276420305,1,0,0,115979.10204048501,0
59,24,Female,13,911.2785522852396,3,1,1,24869.484839992976,0
60,61,Female,29,6212.960398178219,2,0,1,29800.768478074107,1
61,25,Male,12,8328.174737743415,3,1,1,24406.58615703814,1
62,64,Female,39,6967.492166443273,1,1,1,38527.685033354006,1
63,52,Female,2,7713.029971365975,2,1,1,74127.0110941678,1
64,31,Female,32,3452.7827199371977,3,0,1,84557.2181427428,0
65,34,Male,13,6194.833749091979,1,1,0,24558.51579486688,0
66,53,Female,46,2896.59864489252,1,1,0,114597.08898455993,1
67,67,Female,27,4780.55084165504,3,1,0,104216.53766503811,0
68,57,Female,49,4297.983311883486,3,0,0,49661.24821570931,1
69,21,Male,41,945.7585965823985,3,0,0,27718.753022646797,1
70,19,Female,17,3257.866363691939,1,0,1,36988.70732190573,0
71,23,Male,40,9602.04503030586,3,1,0,32694.441375497267,1
72,59,Male,31,1734.3828348643628,1,0,0,32328.377929894683,1
73,21,Male,34,471.84109907437596,3,1,1,71856.1688665734,0
74,46,Male,24,3604.386837863288,1,0,1,44584.74424934003,0
75,35,Male,45,7693.71509446163,1,0,0,55813.97165291444,1
76,43,Male,35,5403.630527579695,2,1,1,118950.53333843224,1
77,61,Female,48,6490.72309962069,3,0,1,88431.42489253447,0
78,51,Male,6,1086.643329921449,3,1,1,114898.06670470013,1
79,27,Female,19,5808.430123084937,1,1,1,34255.65550331156,1
80,53,Female,30,2558.504344026211,1,0,0,58213.947483256925,0
81,31,Male,7,8177.337025502442,1,1,1,75473.18032823544,0
82,48,Female,10,5922.286866118098,2,1,0,27675.8061888738,0
83,65,Female,41,1187.4190555282548,2,0,0,20418.744362795787,0
84,32,Female,32,-289.2165217150524,1,0,1,87043.43337969175,0
85,25,Female,34,-531.0346978426398,3,1,1,84181.95168014354,0
86,31,Male,28,3085.494244151548,3,0,1,61078.88099996118,1
87,40,Female,15,1924.3625031974484,2,1,0,68964.40760320326,1
88,57,Male,30,6106.991358087588,2,1,1,61544.30005920896,0
89,38,Female,37,4492.672184764801,1,0,1,22400.504484488887,0
90,33,Female,29,1926.2120580591877,3,0,1,53537.16062174624,1
91,62,Male,22,641.6155574519373,1,0,1,37708.225539728985,1
92,35,Female,4,399.19738956194556,2,0,1,29842.418910136876,1
93,64,Female,20,8511.264313544594,3,1,0,115672.04338893498,0
94,41,Female,32,1678.2576524535398,3,1,1,79935.97250421657,0
95,43,Male,36,6168.817127020651,2,0,1,92865.62842366027,1
96,42,Female,50,7917.545207848929,1,0,1,51536.37432661175,0
97,62,Male,4,5754.894423032097,1,1,0,59314.71294940152,0
98,58,Female,27,8455.217548116403,3,1,1,43692.39938967235,0
99,46,Male,17,3316.3309368132195,2,1,0,29696.567096542472,1
100,32,Male,12,9518.444097138432,3,1,0,37903.16374415838,1
101,62,Female,22,464.5950459590663,2,0,1,99751.40452964859,0
102,18,Female,17,123.64482623291906,1,1,1,87754.58051837758,0
103,42,Male,10,6245.613608281879,2,1,1,74692.88759854769,0
104,24,Male,54,9371.142555545879,1,0,0,67508.9872866768,0
105,26,Female,1,7897.718077999609,2,1,0,112243.42836561245,0
106,41,Male,22,-159.41454618143428,3,1,0,27273.49477786684,1
107,18,Female,26,2073.04485328188,1,0,0,48060.0813237916,0
108,61,Female,56,9233.50773321606,3,0,0,54993.78535707141,0
109,25,Female,59,1783.64276080863,3,0,0,98242.58122127879,0
110,41,Female,18,7592.874661656111,1,1,1,119251.46201619714,1
111,28,Male,50,8076.4541552157425,1,1,1,44067.05147571531,1
112,68,Female,14,4449.9731380708,3,0,0,107430.73341370806,0
113,34,Male,47,3249.8380083314705,3,0,1,103062.27604317912,1
114,25,Female,29,3951.3687566173558,3,1,1,42465.73976417666,1
115,52,Male,12,1496.6116380190056,3,0,0,59933.25801992226,1
116,52,Female,36,8783.300077417287,1,0,0,60967.28692925191,1
117,50,Male,59,3956.816224027337,1,0,1,117822.06685265583,1
118,22,Male,35,8707.053845017097,3,1,0,38089.19013788983,1
119,59,Female,52,162.6282789690149,2,1,0,99915.7971104782,0
120,56,Female,12,9871.027981001445,2,1,1,53419.27141731099,1
121,58,Female,7,3876.003961879801,1,1,0,93087.03457761604,1
122,45,Female,29,-473.8609756648399,3,1,1,62001.100429566286,0
123,24,Male,11,-581.7596693879959,3,1,1,77835.976311654,0
124,26,Female,33,7208.279832300224,1,0,1,103261.17733261311,0
125,25,Male,6,6249.390876240488,2,1,1,100416.55649838841,0
126,29,Male,47,7823.436139403462,2,1,1,106642.31835397001,1
127,51,Female,15,159.04287348086564,2,0,0,25961.732534465904,1
128,50,Male,32,-608.7204626089681,1,1,0,89205.05530397448,1
129,65,Male,51,4594.372183923363,2,1,0,33998.737672176285,1
130,40,Male,11,3263.547546310465,1,0,0,61581.8568018411,0
131,41,Male,58,4081.4163033805135,1,0,1,74858.84150546885,1
132,54,Female,23,9907.472497573013,3,0,1,60273.94847468307,1
133,52,Female,26,9678.249534377372,2,1,0,71961.16758030074,0
134,61,Female,34,9365.469286405121,1,0,1,119652.63087986191,1
135,57,Female,46,7622.269444444411,2,1,0,33521.731371285474,1
136,39,Male,34,2903.2549628257943,2,1,0,87545.60453364256,1
137,44,Male,29,3533.440232890487,3,1,0,59600.096638561525,1
138,52,Female,4,5045.776480908169,2,1,1,33300.97989073288,0
139,18,Female,17,8135.87902045324,3,0,1,35873.67633743095,0
140,52,Female,35,-244.15884229905464,1,0,1,114927.3106245617,0
141,54,Male,13,3667.2657447337697,2,1,1,107960.1496711762,0
142,64,Female,41,-91.2057019480444,1,0,0,110704.19604150219,0
143,31,Female,39,4661.233452308627,2,1,1,119153.27758273865,1
144,20,Female,15,8887.90906406859,1,1,1,40831.5390008518,1
145,18,Male,55,7607.334170203318,2,1,1,55543.93373640617,0
146,22,Male,29,1506.2665929742097,2,0,0,86921.90299248668,0
147,43,Male,29,9735.899345586717,2,1,0,68380.25398606472,0
148,31,Male,11,6340.854378510712,2,1,1,61838.95333783335,1
149,56,Male,52,-885.2953066285663,2,0,1,55781.1249335593,0
150,44,Male,32,1809.5483315374145,2,0,1,79378.06319434522,1
151,26,Male,2,1867.8462991190818,2,0,1,77559.3428640082,1
152,32,Male,47,-238.20263085554075,2,0,0,36145.78340642401,1
153,32,Female,14,9558.091698835218,2,1,1,67173.98375184392,1
154,43,Female,20,4260.808240335161,1,0,1,75347.17762098499,0
155,59,Male,22,8853.960571090702,3,1,1,77028.69387313904,1
156,30,Male,11,2544.3705378909117,2,0,0,41010.71929123518,1
157,68,Female,27,377.5692747610983,3,0,0,94227.13922522868,0
158,49,Male,3,4217.697208968353,2,0,1,22519.909482106963,1
159,56,Male,17,253.52298185748873,2,0,1,55483.18555431627,1
160,66,Male,44,4346.170532752939,1,0,1,98021.26485356335,1
161,69,Female,56,9123.268993413485,1,0,1,76389.29210554023,0
162,49,Female,28,4728.44956017634,3,1,1,46116.24325108602,1
163,21,Female,29,5781.496995845918,1,0,0,89495.31193430477,1
164,47,Female,21,723.0228067118912,1,0,0,76739.09441560734,0
165,54,Female,47,-518.9081153203356,3,0,0,99624.36094563872,0
166,40,Male,16,218.8875839778775,1,0,1,93502.51861898234,1
167,56,Female,37,5583.847332528022,2,1,0,81010.79220362347,1
168,62,Male,59,45.12868891535118,3,0,0,68817.7675310814,0
169,32,Male,20,3135.9217893544255,3,0,0,33318.21256675234,1
170,60,Female,6,5051.011345039716,2,0,1,46133.301788538374,0
171,46,Female,19,3275.1807849283177,1,0,1,61909.94729170853,1
172,53,Male,57,800.5218161183163,3,1,0,79929.92870063888,0
173,30,Male,5,2011.7043826551717,3,0,1,71370.78552153049,1
174,49,Male,3,9211.492861334347,2,1,0,48818.45259595295,0
175,24,Female,59,6435.805031449909,2,0,0,20646.435778971056,0
176,68,Female,1,4456.526225478752,1,1,0,69623.92219008139,0
177,39,Female,58,-860.1362101441713,3,1,0,48562.59885622431,0
178,45,Female,38,9916.569405384173,1,0,1,93460.83007105351,0
179,19,Female,15,6386.004283841075,1,0,1,22394.62652704835,1
180,59,Male,34,2486.1472507943945,2,1,1,78482.7811305791,1
181,62,Female,35,8671.955259976221,3,1,1,114147.42375060654,0
182,23,Male,49,1842.7478232099993,3,0,0,37440.92671114995,1
183,45,Male,25,4984.182371010267,3,1,1,67164.94907505953,1
184,45,Male,24,5996.778401028076,2,1,0,29142.19918171382,1
185,61,Female,12,1431.697085991013,2,1,1,82568.19122613527,1
186,61,Female,18,9762.370066806556,2,0,1,75053.16805962255,1
187,37,Female,15,7230.110965768972,2,1,1,60736.55242128323,1
188,47,Male,44,5135.945480621769,2,1,0,72137.70214737412,0
189,28,Male,16,986.5405799283096,3,1,0,109657.46584690102,1
190,45,Male,27,-407.55972302171267,1,0,0,39629.4302311067,1
191,42,Male,8,2520.658157730818,3,0,0,22256.451170534725,1
192,56,Male,46,7285.06069504743,1,1,1,106166.4884699101,0
193,50,Male,25,1962.6442813222757,2,0,0,77711.70823879066,1
194,18,Female,17,4935.118425450556,1,1,0,109065.84554618424,1
195,44,Female,29,7007.418944038175,3,0,1,79694.52234131726,1
196,69,Female,53,187.38086111110783,3,0,1,101016.10899597025,0
197,30,Female,8,6538.2781772746075,1,1,0,62967.336335514796,1
198,58,Male,15,10.579764810491724,2,0,1,94985.99312882687,0
199,20,Male,27,9616.427163396962,2,0,0,111304.1466889856,1
200,56,Female,46,4372.335430714335,3,0,1,77212.29637222062,0
201,23,Male,50,657.4371848086512,1,1,0,38078.51505623796,0
202,25,Female,52,2766.2199963690114,2,0,0,46879.76150301982,0
203,44,Female,7,3547.580942247876,2,0,0,39864.45768974058,1
204,26,Female,3,7340.035121841911,3,1,0,44685.702759573294,0
205,54,Male,29,7177.661646842703,2,0,0,50641.54493510364,0
206,50,Female,44,5731.345558710641,1,0,1,75513.37867531885,0
207,68,Female,53,165.23783814342255,3,0,0,78799.16294638328,0
208,59,Female,24,667.2630874644094,3,0,0,62649.97472418611,1
209,61,Male,58,31.326127101122893,1,0,0,81542.07798208355,1
210,41,Male,3,5348.9006161630505,3,1,0,28157.49256113659,1
211,32,Female,20,8648.522856625443,2,1,0,28778.823705815998,1
212,49,Male,46,3771.8056348024893,2,0,1,37182.946035765846,0
213,49,Male,15,769.3299135352081,1,0,1,71807.74980403448,1
214,41,Male,25,5138.465576638637,2,0,0,41399.46786983136,0
215,58,Male,30,7929.274385522809,1,1,1,48328.44034925773,1
216,69,Male,14,7158.83267664223,1,1,0,60031.28361729941,1
217,66,Male,7,8695.958576425235,2,0,1,101186.61240103799,1
218,66,Male,17,2056.923069737546,1,0,1,21386.21359128601,0
219,69,Male,44,1133.4925399455233,2,1,0,84937.88202366224,1
220,29,Male,20,8677.981345361326,3,0,1,86887.65310406854,1
221,56,Male,36,6233.163440558254,3,1,1,99865.57803566365,1
222,19,Female,9,2420.218230083096,1,1,0,113275.29390603132,0
223,20,Female,38,7165.828556297601,2,0,0,22013.784894928984,1
224,66,Male,48,7966.302229284047,2,1,1,35378.37055132162,1
225,54,Female,57,5764.7606437524555,3,0,1,108617.1294055993,0
226,66,Female,22,6566.725208679066,3,0,1,65851.85621870153,0
227,34,Male,54,3127.8589488693297,2,0,0,76459.06389334635,1
228,66,Male,53,4925.65234077343,1,0,1,86302.72037231474,1
229,19,Male,53,4765.750877987784,3,0,1,87906.66044956374,1
230,19,Female,2,8328.52570243849,1,0,1,113174.04033165082,0
231,45,Female,24,8239.603783104008,1,1,0,119694.94174116697,0
232,40,Male,8,8159.485162817475,3,1,0,92015.74609309403,0
233,54,Male,11,-878.6522431128762,1,1,0,48722.12092051508,1
234,49,Male,13,7245.0003291577705,1,1,0,107975.24022943436,0
235,50,Female,17,7345.4402912210535,2,0,1,24922.09145407616,1
236,18,Female,8,6462.16705140656,1,1,0,43108.08528744962,0
237,36,Female,21,7318.911236805978,2,1,1,109738.57174637148,0
238,19,Female,18,8261.674086463796,3,1,1,45619.151443935494,0
239,61,Male,30,4173.509595119642,3,0,1,42065.10596217484,1
240,43,Male,18,4522.5523483729185,2,1,1,33812.52931402472,1
241,49,Male,46,371.8546260252954,3,0,0,105911.17576469165,1
242,23,Male,47,3239.13471352098,1,1,0,70005.82591910867,1
243,49,Female,31,6077.016979029628,1,0,0,87489.32030541547,0
244,21,Female,38,7584.39753762002,1,0,0,43906.638407502964,1
245,28,Male,32,1389.3000746033163,3,1,0,95804.04210112165,0
246,34,Male,11,516.0518907515893,1,0,1,96000.55449620985,1
247,55,Female,45,6293.462049505414,3,0,0,51259.802490830014,1
248,41,Male,25,-979.321281225983,1,1,0,61068.26330102829,0
249,22,Female,33,962.0984273806282,2,1,0,40969.02774302008,0
250,69,Male,38,-680.2148162165089,3,1,0,117656.10233229042,1
251,51,Male,41,835.7362964035801,3,0,1,84560.25770584116,1
252,23,Male,8,994.5120791805575,1,0,1,113454.38807155156,0
253,39,Male,11,3264.409542254336,3,0,1,50338.55436291332,0
254,28,Male,22,3425.598371552115,3,1,1,98189.09129968897,0
255,65,Male,51,8616.887176712615,2,0,1,96585.8643884742,0
256,33,Male,24,4611.206837487077,2,0,0,89165.56518665416,0
257,50,Female,41,6957.452421735149,1,0,1,116563.89752668004,1
258,26,Female,17,145.51093712316197,2,0,1,59355.53361063155,1
259,23,Female,12,1479.8263101006323,1,0,1,33071.73235897573,1
260,33,Female,57,6732.377850765444,1,0,0,87170.88592440607,1
261,46,Female,46,-419.156434846191,1,0,0,92930.98004772062,0
262,20,Male,32,4352.574284681285,3,1,1,77506.05734588148,0
263,37,Male,15,5593.058622292272,2,1,0,40681.78931333963,0
264,53,Female,16,5623.602084577292,1,1,0,70445.59416693554,1
265,36,Male,54,-747.7390760515377,2,0,1,51218.973656912945,0
266,43,Female,22,2543.1880465210406,1,0,0,62746.65281666891,0
267,20,Female,28,6001.3971615406945,2,1,0,84521.8575844664,1
268,36,Male,20,638.9970976416778,2,0,0,94521.47426908345,1
269,37,Male,33,6649.572131608586,1,1,1,43222.46909013431,1
270,49,Male,10,7205.17729695042,3,0,1,60532.536064695334,0
271,24,Female,40,9801.661094907598,2,0,1,46916.15709916292,0
272,69,Male,32,1308.2619434205035,3,1,0,39863.16138618691,1
273,58,Female,50,8076.437344327267,3,1,1,98338.72199958384,1
274,50,Female,33,4723.262346105194,1,1,0,110925.26944369925,0
275,57,Female,2,3108.0885575859074,1,1,0,57023.21856845767,1
276,56,Male,33,346.1443305769574,1,1,0,95127.8924373767,0
277,35,Male,33,7090.561671362913,2,0,1,109699.52893644111,1
278,57,Female,41,1594.4335905805578,1,0,1,104612.42105302315,1
279,18,Male,13,3085.642020603503,1,0,1,38281.33885392259,1
280,28,Male,30,-312.0355041289472,2,1,1,115629.18815133613,0
281,45,Male,33,7815.03607401471,2,1,0,57667.644042946245,0
282,42,Female,13,7432.473763688076,1,1,1,53924.066117383634,1
283,67,Female,52,7069.774130465437,1,1,0,26243.132727778033,0
284,40,Male,26,2293.8786154107534,1,1,1,68617.3654104883,1
285,48,Female,22,908.2808169255297,1,1,1,30901.36156409287,1
286,47,Male,39,6013.085909172527,3,0,1,44853.982092742604,0
287,59,Male,2,4457.830225245414,3,0,0,51694.26217672814,0
288,52,Male,38,960.7771359510575,1,0,0,100882.6323491684,0
289,24,Male,39,6545.023981548501,3,0,0,107548.86503958965,0
290,33,Female,26,9902.390750034341,2,0,0,50246.63174614697,1
291,43,Female,46,7219.415465162414,3,1,0,105869.81212445738,0
292,65,Female,58,7139.850253541729,3,1,1,105723.0937369791,0
293,69,Male,50,9453.440282236508,1,1,0,96465.09503848736,1
294,66,Male,15,1232.300043323924,3,1,0,34669.51140151815,1
295,19,Male,34,5221.049614135844,3,1,0,89032.28469007289,1
296,18,Female,42,9776.113865372718,3,1,0,114502.40645805688,1
297,65,Male,55,818.2352206719199,3,0,1,88254.0478767157,0
298,29,Female,44,6702.771553889731,2,1,0,53161.6849107834,0
299,22,Female,49,5443.9116056909215,1,1,1,70057.93174308313,1
300,54,Female,40,5451.270014075777,1,1,1,84572.50433510536,1
301,49,Female,11,6674.376902720826,2,1,1,71057.04087285035,0
302,26,Female,3,9225.786151632527,3,0,0,31995.294173096983,0
303,58,Female,59,7608.401338364718,2,0,1,51206.40446520207,0
304,52,Male,6,-382.50286242169,3,1,0,100239.60305536324,0
305,36,Male,9,8380.008218632824,2,0,0,106141.80460955173,0
306,65,Female,6,1480.9546291830588,1,0,0,33730.00327155703,1
307,33,Female,9,3146.0558121000913,1,1,0,115238.67523987246,1
308,20,Male,39,4079.060949736204,1,1,0,52882.26178486093,1
309,37,Female,31,4289.966008283766,3,1,1,86231.37387307199,1
310,41,Female,32,3786.9843918089246,3,1,1,95182.51459566811,0
311,50,Male,41,9310.886236374508,2,1,0,101194.62346378835,1
312,41,Female,50,6766.209084304271,2,0,1,114574.97022259301,0
313,69,Female,12,5942.87710552377,1,1,0,51291.95480288226,0
314,28,Female,8,-451.73769438764293,3,1,1,105850.64545515545,0
315,66,Male,8,8943.046632864121,2,1,1,33168.69034362071,0
316,25,Male,50,9003.292112092358,3,0,1,90504.09063535927,0
317,53,Male,28,7582.343697731125,3,1,1,94197.77295139858,0
318,55,Female,20,-922.6787580501893,1,1,1,87772.32412013205,0
319,57,Female,47,-369.91723814614306,1,1,0,45231.4736135153,1
320,37,Male,59,1477.4607249533874,3,0,0,107304.31470152033,0
321,52,Female,7,444.8434895939736,3,1,1,36885.846337039504,1
322,65,Female,11,3387.1963267410238,3,1,0,25363.479152083084,1
323,42,Female,20,9148.853638965686,3,1,1,91746.49906119122,0
324,52,Female,16,4192.664776166981,1,0,0,67547.57152327336,0
325,42,Female,4,-852.5711092461783,2,1,1,104909.8019958676,1
326,46,Male,6,2110.202585366382,1,1,1,58339.71410582589,1
327,35,Female,58,-509.4560078974231,2,1,1,36827.858850771285,1
328,63,Male,22,-600.8361512514763,3,0,0,103644.21924698698,1
329,35,Female,26,2032.9183840510746,2,1,0,74890.96316400717,0
330,19,Male,3,2031.7357254683993,1,1,1,38919.57923903549,0
331,52,Female,41,7658.392628617645,1,1,1,92038.39985864458,0
332,33,Male,42,9723.181180592232,3,0,0,71111.36384895004,1
333,58,Female,14,3083.2780327899814,1,0,0,80431.29822403198,0
334,53,Male,11,3717.755667471424,3,1,0,66089.83382065818,1
335,50,Female,18,8292.683799146236,1,0,0,102870.89838180064,0
336,21,Male,54,1949.5292210506473,1,0,0,102956.27156830499,1
337,50,Female,12,720.1998484379276,3,0,1,90938.88218243863,0
338,31,Male,23,8383.985857440155,2,1,0,30540.137739646227,0
339,38,Male,12,-488.49354915927955,1,1,1,103885.38619040689,1
340,65,Female,13,5816.693842193573,2,0,1,87101.29805329099,1
341,37,Female,25,5181.921322134875,1,0,0,89702.41660042995,1
342,25,Male,45,2805.124922518637,1,0,0,56298.28404038716,1
343,24,Female,51,2467.084732070949,1,1,1,107927.95561570067,1
344,20,Male,58,7490.4349879978345,1,1,0,92537.16002348575,0
345,34,Male,19,-49.32928161198868,2,0,1,31259.046652919445,1
346,50,Male,55,1604.6274024252393,2,0,0,60777.80344061627,0
347,65,Female,46,7056.9360502189875,1,0,0,108638.03619601417,0
348,29,Male,36,5031.526420990666,1,0,0,24719.6701697379,0
349,68,Male,45,407.8702938694503,2,1,1,116141.66196420495,0
350,39,Female,8,8703.491757102662,3,0,0,87916.25683195629,0
351,39,Female,29,3327.9263121995073,3,1,1,83137.59776433767,1
352,63,Female,55,8106.552128543901,2,0,0,47055.92564879914,1
353,47,Female,53,7664.843170804796,1,0,1,44879.17887391771,0
354,55,Male,55,5868.679911189009,1,0,0,114205.82194885955,0
355,55,Male,32,4439.292444246023,3,0,1,49827.24542341227,1
356,62,Male,51,9775.059244199325,3,0,1,97550.52967189993,1
357,68,Male,44,594.6157961779875,2,1,1,59312.17982070791,0
358,25,Female,18,6976.713003062263,3,0,1,33925.407078470394,1
359,44,Male,6,1103.0977161126789,2,0,1,21071.529769535897,1
360,44,Male,18,2720.894158655832,3,0,1,74425.73370152508,1
361,51,Female,19,2395.6861771051476,3,1,0,117577.88185489326,0
362,38,Male,22,9417.395865125953,3,1,1,56913.61938092045,1
363,47,Male,37,9640.917955671028,1,1,1,55719.23339930448,0
364,50,Male,32,1013.1698865819988,1,1,1,54409.16178494421,0
365,45,Male,56,-757.613236727454,1,0,0,72054.38373048585,0
366,64,Male,41,6920.088436294244,3,0,0,64066.48834242936,0
367,50,Male,59,3597.8892725753276,2,0,0,107991.46267270145,0
368,22,Female,3,-22.757304036791766,2,1,1,70552.07917234904,1
369,65,Female,28,6521.295161347468,2,0,0,70775.78381885687,0
370,36,Male,10,4996.1608108676965,2,0,0,33837.15947205566,0
371,21,Male,51,9785.685042012166,1,1,1,118273.9540910386,0
372,52,Female,35,1501.5044544751681,1,1,1,44997.28908688297,1
373,66,Male,29,3443.7566395920303,3,1,0,27336.406745960267,1
374,34,Male,54,4968.003837349652,3,0,1,86314.62489752087,1
375,61,Male,15,7708.699872986868,2,0,1,79536.63701568727,1
376,45,Female,33,5037.2252239206455,1,1,1,61514.56539927457,1
377,47,Male,7,5741.901769481441,2,0,1,62219.2233880678,1
378,46,Female,12,1487.6175674893484,3,1,0,98506.39210464312,1
379,63,Male,49,8316.106008974159,3,1,1,39571.26400996491,0
380,23,Female,30,3714.936016675233,2,0,0,102025.33189448898,0
381,52,Female,21,550.555902739462,3,1,0,84874.71138950181,1
382,58,Male,31,6306.067059559591,2,1,0,61896.97737795244,0
383,54,Female,58,1376.9949850383828,1,1,0,65802.86165838686,0
384,41,Male,24,73.18761263229703,2,0,1,45664.72071860958,1
385,46,Female,20,8481.855992446996,1,1,1,95211.43326969747,0
386,66,Male,37,4061.7849093728364,1,1,1,71287.47423052677,0
387,63,Male,4,7242.12083965354,3,1,0,52085.45427498436,1
388,48,Female,28,2196.463157869906,3,1,0,79605.01157609501,0
389,52,Male,44,7656.67148409433,3,1,0,119573.4452051323,1
390,50,Male,20,231.29519723683347,2,1,1,63526.22796565539,1
391,69,Female,24,2915.7071117433798,2,1,0,112069.14007786196,0
392,38,Male,50,9758.679997708814,3,0,1,54501.68399245661,0
393,49,Male,49,7733.886880048067,2,0,1,25473.27069249859,0
394,40,Female,51,4469.81523346157,3,1,1,40424.21063684289,1
395,50,Female,32,2737.552187180736,2,0,1,61869.51433276842,1
396,20,Male,41,8593.492700247241,1,0,0,41963.49285945691,1
397,35,Male,36,4993.3253499296725,1,1,1,20022.703821825555,0
398,42,Female,58,7342.675196560222,3,0,0,111500.15377475272,0
399,59,Female,53,7295.184483477804,2,1,1,104387.9411230929,1
400,48,Male,34,-802.5975357465899,2,1,0,94229.22314869471,0
401,20,Female,36,388.79161071874796,1,1,0,36781.45956460286,0
402,57,Male,2,6255.923030342165,1,1,1,32036.357620998606,1
403,63,Male,15,777.8179241445857,3,1,1,26760.474947238316,1
404,41,Male,34,1810.4267912116516,1,0,1,92402.91887729212,0
405,67,Male,36,9413.017496195678,3,1,0,112880.79606878854,1
406,49,Male,6,5162.004842124031,1,0,1,63053.5820913037,0
407,64,Female,39,7258.024576992819,1,1,1,31914.06719960482,1
408,39,Female,42,5137.788126609039,2,1,0,71239.28207321066,1
409,40,Female,51,5077.649762609977,1,1,1,54883.190745863016,1
410,19,Female,51,35.67101138267685,1,0,0,57482.49243499977,0
411,44,Male,58,2780.2951187001336,3,1,1,82133.06241557072,0
412,59,Male,54,2106.739885551629,1,1,0,91871.81132622024,1
413,19,Male,12,3298.012021749746,3,1,0,31060.359887316084,1
414,43,Male,3,7781.786070467611,1,1,1,23559.02308064764,1
415,34,Female,45,3091.2593470855136,1,0,0,119433.03026857149,0
416,57,Male,18,3968.66501154851,3,1,1,43272.83489155518,1
417,50,Male,40,3371.1952953384816,2,0,1,25383.05249084591,1
418,26,Female,21,27.487691728251548,3,1,0,38987.532909592,1
419,60,Female,15,3851.7937407586205,3,0,1,23895.784634846423,1
420,65,Female,33,1151.7020034896655,3,0,0,59181.089461717165,0
421,56,Female,35,1053.956253503456,2,1,0,100240.17844513242,0
422,46,Male,26,34.39714877692995,1,1,0,54124.444975772065,1
423,59,Male,8,2923.3807155594122,3,0,0,64418.34068783665,0
424,43,Female,36,7332.3007326835905,3,1,0,87558.67735674388,0
425,52,Male,48,2040.8585964173567,2,1,0,70889.40700698801,0
426,67,Male,30,2435.840120740649,3,1,0,106144.56860213242,1
427,42,Male,23,6069.421234396659,1,0,0,106603.56750457565,0
428,41,Female,42,1154.2489384561077,2,1,1,20991.069549115364,0
429,30,Male,44,8866.537234658877,1,1,1,97804.63064831992,0
430,24,Female,14,4722.095755767099,1,1,0,66073.36002416738,1
431,53,Male,14,3923.6323435223867,2,0,1,118884.0541303663,1
432,62,Male,2,5136.022111221216,3,1,1,68323.20758754353,0
433,37,Male,55,826.3774475781499,1,0,1,118689.59453882976,0
434,18,Female,37,5748.204525030939,1,1,1,95456.93612057366,1
435,25,Male,5,2994.108102974115,1,0,1,44860.488461330635,1
436,63,Female,38,8869.049750610808,1,1,1,73839.49792869577,0
437,33,Female,45,857.3962734545476,2,1,0,119213.56394785827,0
438,31,Female,41,4577.5621425198515,2,0,1,105753.06077519237,1
439,29,Male,54,5579.238923059198,1,0,1,29736.68937912211,1
440,68,Male,47,-632.7803803498066,3,0,1,90637.1996809996,0
441,40,Male,14,3000.6243723175426,1,1,1,54557.9585870813,1
442,32,Male,56,7058.987581709161,3,1,0,20698.226188034812,0
443,45,Female,39,8024.152581938706,1,1,0,60348.09690269996,0
444,51,Female,25,2444.781942990106,3,1,0,43475.44217249713,0
445,19,Female,20,7784.525996210263,1,0,0,101886.92705204715,1
446,49,Male,2,9645.314648137277,3,1,1,53733.060884576546,0
447,40,Female,39,8425.613296826035,1,1,0,102752.36939538171,0
448,39,Male,6,294.08386975257713,1,1,0,20059.79388347953,1
449,68,Female,17,7137.033652940947,3,1,0,50781.91500261192,1
450,42,Male,59,2516.335156845992,2,1,0,44116.52143077619,0
451,39,Male,25,9872.575883532842,3,1,1,43356.7361068611,0
452,39,Female,57,4338.948814758758,2,1,0,26818.66197654627,1
453,66,Female,28,346.77288194835137,1,0,1,38712.42704105018,1
454,69,Female,2,6977.041028301299,3,1,0,75554.95698856199,1
455,59,Female,35,2553.1231822483524,3,1,1,49136.10728377444,0
456,23,Male,37,9967.859727898278,3,1,1,61739.47823291479,0
457,32,Female,5,9777.60703639974,2,1,0,57686.68803471885,0
458,60,Female,1,6217.474198226388,2,0,0,107590.49249998946,1
459,54,Female,40,428.09093846889346,1,0,0,110529.89990105154,0
460,50,Male,12,6555.47097442532,2,0,0,69295.697165586,1
461,25,Male,56,23.335351060299217,2,0,1,53015.59503156044,0
462,61,Female,36,-676.9942498736846,1,0,1,30680.070400236364,1
463,61,Male,45,8052.542908436346,3,0,0,115340.2879382095,0
464,22,Female,23,1307.2824245204947,3,1,0,26022.694490029746,0
465,56,Male,47,3169.2983884100713,1,0,1,49765.02775682804,1
466,21,Male,31,9708.031289737904,3,0,0,49806.62011700042,1
467,23,Male,11,2705.245520472136,2,1,1,52040.128614021494,0
468,62,Male,10,2261.387594116468,1,0,0,36428.68432724093,1
469,49,Female,3,9100.287995850527,1,1,1,98316.14309236972,1
470,69,Female,54,218.23289850853917,1,1,1,32249.78619659892,0
471,47,Female,14,7355.40651126095,3,0,1,83490.66591531629,1
472,64,Male,16,9868.721233180515,1,1,1,32384.602670581746,0
473,52,Female,10,8914.256118521138,1,0,1,27053.563759295655,0
474,57,Female,29,6168.347105770686,1,0,0,110942.95036858766,1
475,69,Female,10,2454.6687449200517,3,1,1,39012.87663187057,1
476,33,Male,12,1797.5417929614841,2,1,0,102125.01545597042,0
477,30,Male,30,8011.8061535860725,1,0,1,74463.08711071359,0
478,67,Male,41,8678.041053468649,2,1,1,27785.65196087696,0
479,59,Female,1,4779.784038002622,3,1,0,115544.81914380674,0
480,47,Female,5,1687.7393486511278,3,0,0,44696.11669918925,0
481,36,Female,20,242.37529252290915,3,0,0,105964.53453526065,0
482,34,Male,8,-41.025853849857185,3,1,0,36881.00057845641,1
483,36,Male,43,6909.851920892412,2,0,1,105394.28821418529,1
484,45,Female,12,3621.306006324975,1,0,0,21322.8812905294,1
485,43,Male,1,8958.958617056574,3,0,1,71178.04565694806,0
486,54,Male,57,7136.384307994401,3,0,0,96944.25794215569,1
487,43,Male,54,1103.864597060454,2,0,0,113479.55174927834,0
488,40,Male,20,5751.551606972689,2,0,1,110920.2136206487,0
489,26,Female,28,3790.559998379753,3,0,1,101962.48695476449,1
490,29,Male,57,5349.747038454744,1,1,0,108819.13496613041,0
491,18,Male,43,7118.760356723688,1,0,1,39921.968583707654,0
492,18,Male,37,7868.154691041698,3,1,1,48418.42957117288,0
493,64,Male,47,8281.110590473967,2,1,1,48896.852492105856,0
494,51,Female,37,1793.7236202922718,3,1,1,57705.39310016988,0
495,49,Female,12,-657.7284009090655,3,0,1,59332.06703851887,0
496,65,Male,37,7132.242086812505,2,0,1,74455.53246546755,1
497,42,Male,49,169.78098881352048,3,1,1,35987.97633664414,0
498,57,Male,49,2464.115474742644,3,0,1,89124.66637859894,0
499,62,Male,56,-958.0115246321814,3,1,0,36756.653930450644,0
500,18,Male,44,6498.36430641782,2,0,1,51030.84821045476,0
501,33,Male,56,838.4521261834338,1,0,0,70334.5130606154,1
502,56,Female,28,6208.10650660824,1,1,1,99644.05615234774,1
503,22,Male,47,9909.168788846227,2,1,1,93946.92332387273,0
504,39,Female,15,-200.62041228982082,1,1,1,84553.43564105223,0
505,46,Female,6,-152.14186853393244,3,0,1,35577.32605801702,0
506,20,Male,44,2744.181019333424,1,1,0,74704.53456155777,1
507,29,Female,59,8530.251656764762,3,0,0,28744.650179988545,1
508,43,Female,20,1370.8285567046505,1,0,1,57736.31767966507,1
509,33,Female,50,2964.1560192338234,2,0,0,61351.65302899592,1
510,68,Female,14,-246.44052710322478,1,1,1,23981.143944575382,0
511,54,Female,2,7394.708203847784,1,1,1,47398.80994699718,1
512,39,Female,9,3491.369770353962,1,1,0,115564.94672664894,1
513,46,Male,37,7351.736063669272,2,0,0,115363.26078296895,0
514,31,Female,20,8939.686287814746,1,0,1,55232.70542525393,0
515,45,Female,26,1560.3946181141764,2,1,1,24310.010894832405,1
516,22,Female,29,7881.356333739464,3,0,0,37909.49393281815,1
517,64,Male,1,-349.967209139214,1,0,1,59221.779343354014,1
518,66,Female,55,8887.32126998272,2,1,0,114777.96979692297,1
519,47,Male,35,6158.454023146221,2,1,1,34119.90635371849,0
520,63,Female,6,8616.493965521868,1,1,1,96351.58436682122,0
521,69,Male,37,-997.9276048775992,3,0,0,30868.253937469206,1
522,22,Male,53,859.8917739159176,2,0,0,118125.75773912769,1
523,29,Female,59,3287.3532616914126,1,0,0,58161.6499109135,1
524,33,Female,5,3174.531937121905,3,0,1,97523.4538899056,1
525,43,Male,33,1494.0342121586173,2,0,1,54259.108281113186,1
526,43,Female,49,3197.731338539201,2,1,1,82766.88771588088,0
527,65,Male,51,417.33583200280304,3,0,1,39201.608474003675,0
528,38,Male,14,3540.3724219262867,3,0,0,34602.101929696255,0
529,56,Male,12,7825.897620751906,1,0,1,113806.41395681312,1
530,53,Male,42,4269.770694136863,1,1,1,111764.72779044334,1
531,50,Male,20,-801.9990216026351,2,1,1,108746.89402128823,0
532,47,Female,53,3635.8844573717215,3,1,0,82543.34501665935,0
533,54,Male,50,-701.0748230007142,3,0,1,100826.82112162783,1
534,40,Male,24,9628.67751777478,3,1,1,26903.69369113749,0
535,27,Female,59,401.9935536515586,2,1,0,53478.904189067915,1
536,22,Male,43,6784.5715896368065,3,1,1,51370.31247571562,1
537,53,Female,34,9700.539551812944,3,0,1,83564.53219526133,0
538,51,Female,25,8086.429568332291,2,1,0,55595.77734706405,0
539,69,Female,50,6692.4691263882405,1,0,1,34850.67816436808,0
540,48,Male,29,8234.070004508436,1,0,1,79646.70754135438,1
541,27,Male,57,9799.785625866904,2,1,1,101438.39206690816,1
542,36,Male,39,5834.789469788825,3,0,0,58212.349445997315,0
543,49,Female,31,5151.032875122592,2,1,1,33226.87150984817,1
544,18,Male,56,5910.619215096095,1,0,1,39668.8197312823,1
545,22,Female,47,4859.434754377105,1,1,0,43748.3305169384,1
546,62,Male,43,5985.980165006907,2,1,0,49989.759299453624,0
547,21,Female,50,3948.2642876981517,2,1,1,84279.50705063091,1
548,33,Male,23,1402.8750117163781,1,0,1,80094.5484537719,0
549,41,Male,44,322.719491628432,2,1,1,89607.98615670392,0
550,33,Male,38,-248.24970914513563,1,0,1,56250.198453151315,1
551,19,Female,20,1896.4736212852008,2,1,0,102399.76518799784,0
552,66,Female,23,-492.64079230692784,2,0,1,40408.76611557603,1
553,45,Male,45,5238.878579113241,2,0,0,66904.0747518154,0
554,49,Male,52,2122.112917258723,1,1,0,100093.87215414303,0
555,44,Female,16,8069.882888957354,2,1,1,38015.86477326193,1
556,37,Female,50,-183.35039712774915,1,1,1,30986.311374078294,0
557,41,Female,42,1489.8664377563455,1,1,0,108368.39676879898,0
558,29,Male,55,7032.707617991605,2,1,0,54292.96627591959,0
559,67,Female,8,5586.8912602184055,2,0,1,88387.0124909032,1
560,52,Male,50,-290.59601625915707,1,1,0,22534.860426393847,1
561,50,Female,21,8649.634028784205,1,1,1,89004.68884094496,0
562,50,Male,1,8649.879391087974,3,0,1,51610.131154697054,0
563,68,Female,55,2634.488042633512,1,1,0,25574.085358744174,0
564,60,Female,8,2744.4642768452118,3,1,0,80981.2761548117,1
565,54,Female,29,9879.311941851913,3,0,1,44080.38160731732,1
566,29,Female,32,5887.93788752452,3,1,0,58680.724205188,0
567,20,Female,38,4844.48172624865,2,1,1,28058.08122865136,1
568,18,Male,5,8219.674019071168,2,1,1,34716.32510949453,1
569,50,Female,47,2138.193721930481,1,0,1,49797.72354958438,1
570,57,Female,22,3721.008527359926,3,1,0,28975.950056015714,1
571,27,Female,47,1945.543430371676,2,0,1,111082.62646863153,0
572,60,Male,34,7680.769312476046,2,1,1,20604.704318397842,1
573,61,Female,1,5306.842801987398,2,0,1,68386.02188643115,1
574,46,Male,55,6247.075771540775,2,1,1,32324.745813255144,0
575,30,Female,55,1775.3797482334721,2,0,1,50767.90894779486,0
576,29,Female,26,1422.4783151504662,3,0,1,112605.95598182656,1
577,48,Male,43,4372.120918812326,3,0,1,36169.45532739868,1
578,63,Female,10,7113.223240021095,3,0,1,116583.23197183326,0
579,19,Male,30,4777.637332721762,3,0,1,40579.43769894217,0
580,68,Male,50,-640.8975469976453,1,0,1,94156.61084668296,0
581,67,Female,18,8554.066569523176,3,1,1,74667.72648973117,1
582,52,Male,17,-288.44417133355273,2,1,0,108447.87275967591,1
583,40,Female,26,9514.069320928274,3,0,1,75399.3255503131,0
584,34,Female,8,-723.43845895,1,0,1,73455.92191563087,1
585,43,Male,47,6638.955017437796,2,0,1,39545.80003683999,0
586,25,Male,40,-95.72229917040181,3,0,0,36622.93620516587,1
587,46,Male,49,9017.442373786535,3,1,1,111648.91511155143,0
588,43,Male,12,4108.765598480971,3,0,0,52783.81988500341,0
589,27,Female,27,512.7615229871692,2,1,1,57208.22549628959,1
590,43,Female,8,2748.9726976883126,2,1,1,95982.36584283884,1
591,51,Male,25,813.0714288143824,1,0,0,53882.348242280736,1
592,68,Female,46,876.4010271279901,2,0,1,115206.24466390027,1
593,58,Female,4,9429.191521885865,2,1,0,93792.77689988003,1
594,24,Female,33,3897.7072351326697,3,1,0,79742.924257342,1
595,21,Female,1,7676.824902958955,2,0,1,108089.51605447524,0
596,67,Male,19,6035.6611729545,3,0,1,24960.590834948274,1
597,62,Male,31,6440.689985722315,3,0,1,45706.269218920876,0
598,28,Female,16,448.62782319242365,2,1,1,66503.63342209099,0
599,46,Male,14,1576.0289149703422,1,1,0,42697.85394715211,1
600,53,Male,53,7654.253686698807,1,0,0,94390.51873021519,0
601,42,Male,48,9678.428271222612,2,1,1,111920.80310537251,0
602,38,Female,5,1889.432068585169,1,1,0,62377.01199309234,1
603,53,Female,41,1987.2564122614385,3,0,0,54213.26001118949,1
604,27,Female,26,4201.868460919954,3,0,1,116155.07321375662,1
605,54,Male,28,9822.243441409815,2,1,0,64485.24328275408,0
606,26,Female,2,1958.5484040911815,1,1,0,68904.84004492832,1
607,41,Female,50,3476.6910059769025,1,0,1,55164.987234190536,1
608,52,Male,6,8806.280171858574,3,0,0,110954.84730121384,1
609,66,Female,9,-967.868641165018,2,0,1,76895.54832818508,1
610,52,Female,33,-562.574385125735,1,0,0,96217.45871816446,0
611,65,Male,41,5644.788447783411,2,0,1,101180.67183508864,1
612,53,Male,25,8981.181811841318,1,1,0,54184.904191725815,0
613,35,Male,48,1627.4232644212043,3,1,0,63369.43313203801,1
614,66,Female,13,4166.059521487799,3,1,1,104847.17744062646,0
615,56,Female,9,3955.118318236001,2,1,1,56325.53516758102,0
616,49,Female,53,4202.684807050612,3,0,1,99393.51334518513,0
617,41,Male,13,5847.716653027197,1,0,1,114099.23225744371,1
618,40,Male,31,4167.181392897522,3,0,0,82321.03730680069,0
619,49,Female,41,3922.149554547036,2,1,0,94162.72874518888,1
620,54,Female,11,4217.1726247438655,2,1,0,100509.73120411349,1
621,29,Male,4,5499.541853981456,2,1,1,104503.96488966425,1
622,66,Male,34,4907.082371864942,1,0,0,59505.3337856796,1
623,30,Male,38,8395.495974155547,1,1,0,25126.345917599818,1
624,40,Male,46,-455.5346115696673,1,0,1,60187.627123673956,0
625,42,Female,4,8166.487786203137,1,0,1,87375.62297840898,1
626,52,Male,38,8283.170738728964,1,0,0,65035.03857807928,0
627,58,Female,19,2133.9882368405692,3,0,1,94896.31508603986,0
628,47,Female,6,4091.3715051743566,1,0,0,55698.24294686639,0
629,34,Female,34,3823.923373911791,1,0,0,83474.41411040295,0
630,66,Male,18,1403.608177895433,3,1,1,38641.98048539746,0
631,37,Male,13,3364.765317949481,1,0,0,94936.94366449569,0
632,65,Male,41,-511.7345061206012,2,0,1,74569.59688130258,0
633,42,Male,23,2056.042800599079,1,1,1,40406.43885466005,1
634,39,Female,19,7983.503929957898,1,0,0,49191.117349780725,0
635,30,Male,45,2130.185319391873,2,1,0,94860.87085818323,1
636,36,Male,11,8000.273356230722,2,1,0,68260.12356615206,0
637,66,Female,1,4847.59411064874,2,1,1,41603.14403930722,0
638,53,Male,24,8678.48945097276,2,0,0,116727.11903702977,0
639,29,Female,54,5322.575096908567,1,0,1,91512.5019816888,0
640,58,Female,7,-673.649546287862,2,1,1,115713.48325397962,1
641,36,Female,25,6429.622283017981,2,0,0,62710.50453603432,1
642,29,Female,21,-506.6107517407448,3,0,1,67510.03406917205,1
643,26,Female,15,3956.567208814474,2,1,0,109795.52161850192,0
644,24,Female,1,9223.693639204253,2,1,0,72504.93402453847,0
645,45,Female,12,817.2433327163517,3,0,0,90727.89119056672,0
646,31,Female,58,3288.5958823569854,3,1,0,45217.287749553,1
647,48,Male,7,7028.463397333263,1,1,0,64672.646870264056,0
648,69,Male,15,8704.844117043323,3,1,0,32344.98658103551,1
649,36,Male,21,6380.373052167587,1,0,0,40598.00358769616,1
650,64,Male,19,1839.9057961028611,3,0,1,20094.34152676311,0
651,33,Female,29,6420.686382078377,3,0,0,23926.505164866023,0
652,22,Male,25,2264.00405214499,1,1,1,117728.38231769293,1
653,52,Female,33,6902.721528006087,3,0,1,44235.369513676225,1
654,29,Male,49,9494.364403435446,1,1,1,86331.0709504002,1
655,42,Male,32,6935.327962169171,3,0,0,103909.96987996115,0
656,69,Male,49,8491.685532036536,2,0,1,75066.04592365643,0
657,38,Female,35,-976.8577250652825,3,1,1,35314.45000839562,0
658,53,Male,44,6893.2933720475385,1,0,0,92811.64373361664,0
659,40,Female,38,8125.463125517754,3,1,0,80025.14100995832,0
660,33,Female,26,-553.8538870085043,1,0,1,93125.0589347375,0
661,56,Male,11,8587.575000170536,1,0,0,96974.66228570872,1
662,62,Male,35,1823.6365114105042,2,1,0,117541.03676847451,1
663,59,Male,8,6318.2131217586075,2,1,0,77356.328002671,1
664,56,Female,46,7803.903669257474,1,1,0,54164.11126906018,0
665,31,Male,14,6289.30964365291,3,0,1,84846.45569002371,1
666,48,Female,10,15.13271280582967,1,0,0,26844.07092426261,0
667,22,Female,2,5559.536707464052,1,0,0,109739.73183215864,0
668,52,Male,46,5045.42022394358,3,1,0,31938.101133819677,1
669,40,Male,9,8903.533948816987,3,1,1,52784.28378858182,0
670,46,Female,3,3446.6370260863014,3,1,1,101574.53806261209,1
671,60,Female,21,2531.8920679575513,3,0,0,79731.23783307118,1
672,28,Female,26,7248.3584088011285,1,0,0,59363.55202774421,0
673,35,Male,8,3539.4285869173627,1,1,1,67343.56593750214,1
674,64,Female,48,6107.057925055693,2,0,0,105454.73932021802,1
675,29,Male,2,6110.950991370677,1,1,0,54000.43860598921,1
676,26,Female,6,8768.429707961295,3,0,1,106964.96848121713,1
677,27,Female,28,5585.616425510071,2,0,0,28813.44309766915,0
678,61,Male,53,4523.689709581856,3,1,0,97679.84372086308,1
679,34,Female,29,527.5845903616871,1,0,1,104754.76330547364,1
680,55,Male,26,273.1136734657589,2,0,1,38181.765283733876,1
681,24,Male,25,697.5372181138732,3,1,0,63034.653237220045,0
682,63,Female,12,890.3332945980396,2,1,1,36549.97746636556,1
683,30,Male,5,6016.648019299973,2,0,0,90660.41289942178,0
684,57,Male,34,7150.7937530203635,1,1,0,73534.77680616567,1
685,59,Female,48,4829.906752190605,3,0,0,83532.3346708321,1
686,26,Male,37,8119.195058000401,2,1,1,39648.69669562111,1
687,67,Male,15,9903.895494069966,2,0,1,41174.586205241954,0
688,44,Male,44,8020.1389203129165,3,0,0,24149.732550990637,0
689,19,Female,36,6643.706110435551,2,1,0,52206.75351957297,0
690,22,Male,15,4857.4196938086125,2,0,1,75974.4661333675,0
691,46,Female,43,3937.38378842179,2,0,1,105793.49139973288,0
692,54,Female,48,-71.68381401003421,3,1,1,86692.74474586807,0
693,55,Male,23,3393.0562323416007,3,1,0,63539.63233997514,1
694,36,Male,6,9011.481004603476,3,0,1,115312.01143941378,0
695,25,Male,46,7888.248928972082,3,1,1,91924.52005758318,1
696,65,Female,50,1376.565015128559,1,1,0,113016.520286255,0
697,62,Male,44,4132.685631669375,2,0,0,72758.79732721657,0
698,18,Male,59,7983.95522814399,3,0,0,45890.42747931396,0
699,39,Male,43,-258.76989735925224,2,1,1,25282.668636472197,1
700,69,Male,45,3261.318442355252,2,1,0,92608.48514838505,0
701,34,Male,21,8370.253605613423,1,1,0,32130.29980055341,0
702,24,Female,23,3442.8765058713616,3,0,0,50277.51282719672,1
703,42,Female,43,-146.23890795415048,3,0,0,73247.09078838973,1
704,62,Male,55,4967.878053854766,2,0,1,76441.65877797478,1
705,21,Male,16,8479.16744410125,3,0,0,80058.3196987136,1
706,53,Male,47,5493.140972484757,2,0,1,36625.53303497007,0
707,23,Male,53,1489.07019035655,2,0,1,57973.740482164874,1
708,48,Female,15,3226.635821511195,1,0,1,81719.42271169668,0
709,36,Male,25,3951.356973001254,1,1,0,116981.88646337847,0
710,61,Female,36,5371.929892025795,1,1,1,92763.11376996887,1
711,56,Female,11,7352.861283278744,2,0,0,112260.37570939578,0
712,44,Male,51,87.60979404698946,3,0,0,96221.2058314177,1
713,27,Female,15,8786.17236319323,1,0,0,79171.69688924005,0
714,43,Female,4,-864.5932668231685,3,1,1,39202.336913634455,1
715,36,Female,21,3070.5756814168076,1,0,0,86668.56518925131,1
716,56,Female,13,-698.3765903007659,1,1,0,82337.9565959907,1
717,20,Male,22,3322.7164787982038,2,1,0,80246.91704572664,1
718,62,Male,19,4783.938587606562,1,1,1,68978.58679882408,1
719,30,Female,34,4628.495252396629,1,1,1,72865.66039892756,1
720,67,Male,14,821.9118173109189,2,1,1,53444.252711810404,0
721,45,Male,4,6103.145611051735,3,0,0,71931.26926423032,0
722,37,Male,48,-507.43704444864954,1,0,1,39755.59056784783,0
723,45,Male,53,7380.97502145657,2,1,0,100517.43973603768,1
724,25,Male,52,9413.088773929008,1,0,0,38577.695469870785,0
725,58,Female,46,2737.4570986622966,2,1,1,28496.628988946642,1
726,56,Male,27,4689.633198857651,3,1,0,63624.60263571574,0
727,18,Male,29,3168.0130586469586,3,0,1,85830.74395060618,0
728,20,Male,47,-926.1857066553405,2,0,0,63771.682493354136,1
729,30,Male,28,3244.619531846275,2,0,1,47675.41319513086,0
730,45,Female,35,7708.922851874811,2,0,0,75817.11838904407,0
731,66,Female,8,5555.8772640183,3,0,0,54700.23354121999,0
732,42,Female,16,113.85906076674814,1,1,0,113286.76901266331,1
733,50,Female,42,8318.534386631636,3,0,0,112264.5139603572,0
734,55,Male,36,4841.938793737671,2,0,0,70237.18199720955,1
735,23,Female,30,8258.956979191436,2,0,1,52788.39940182585,0
736,61,Male,18,5382.436706635323,3,1,0,93713.2413956639,0
737,62,Male,2,5156.572893217339,2,0,1,23671.294348306663,0
738,49,Male,49,157.85103716713616,3,1,1,67476.90060436513,0
739,62,Male,13,840.9570645249075,2,0,1,53632.33942703335,1
740,64,Male,4,9692.277821462501,1,0,0,112053.58851025547,0
741,38,Female,26,1513.3542143024783,1,1,0,21200.302727268256,1
742,33,Female,25,9751.973297894046,2,0,0,75281.4875718349,1
743,38,Female,30,4851.039771766897,3,0,1,94066.3581066626,0
744,28,Female,11,493.6795177033084,1,1,0,68501.79875240412,0
745,54,Male,7,92.32423029062238,3,0,0,28540.303016272166,1
746,53,Female,31,1297.5047777631398,2,1,1,117246.13900279022,1
747,52,Male,44,9182.010630278693,3,1,1,71801.04313760978,0
748,36,Female,10,3555.6524676104946,1,1,1,81418.62443190115,0
749,37,Male,39,3349.776947922058,3,1,1,43660.97827075073,0
750,35,Male,13,2445.2688717719143,3,1,1,68349.80851068038,0
751,64,Female,31,617.6803562324721,2,0,1,62914.94919583219,0
752,58,Male,7,4366.363169116471,2,0,0,27489.584200198373,1
753,66,Male,56,430.5256076225255,2,0,1,30616.035354746724,0
754,31,Female,49,8190.2826002056045,1,1,0,103747.25196187745,0
755,32,Male,42,3074.3668490283712,1,1,0,43981.995220659024,1
756,48,Female,42,3122.83924559976,2,1,0,39495.82714986305,0
757,18,Female,56,4214.070713314714,2,1,1,70491.14512501392,0
758,20,Female,36,3885.404844823268,1,0,0,96874.71313625129,1
759,33,Male,20,9943.437703652537,1,0,1,26194.651857898793,0
760,40,Male,4,4999.192333401327,1,1,1,77680.79196382558,1
761,28,Male,54,-29.781258311422448,1,1,0,31921.044284057338,0
762,29,Female,7,5675.6507573462295,2,0,1,23646.105082561844,0
763,27,Male,54,667.4272215686794,1,1,0,25274.39521622174,0
764,49,Female,1,-659.6859079552382,2,1,0,103416.41082084413,1
765,33,Female,44,9678.16369044973,3,1,1,31797.248362806156,1
766,25,Male,56,7508.927806880203,3,0,0,24515.136441229195,1
767,55,Female,45,9781.198916551437,1,0,0,63789.98871429123,1
768,29,Male,42,4256.662928244667,3,1,0,104399.34719420248,0
769,41,Male,47,4854.832842638737,3,0,1,46240.83764893019,1
770,45,Male,59,851.7065151104325,3,1,0,62171.261752591636,1
771,25,Male,13,1715.9816933434413,1,1,1,23992.253256375123,1
772,45,Male,55,8224.04136393111,1,0,1,64907.85141348759,0
773,53,Female,22,2918.0421182935356,3,1,0,77761.30806371337,0
774,43,Female,54,8094.964711760609,2,1,0,77090.70537521449,1
775,25,Female,21,6799.150967157349,3,0,1,53242.669217436516,1
776,67,Male,22,948.8801779905207,1,1,1,51553.31806631355,0
777,45,Male,28,4581.910027317163,1,1,0,30662.36189365979,1
778,45,Male,9,6451.260536705885,1,1,0,56679.83206462684,1
779,54,Female,26,1585.409362842076,3,0,1,29949.466887296465,1
780,58,Male,9,8137.573615720845,2,1,1,96659.59447120516,1
781,53,Female,15,4993.104232997055,1,0,1,116627.42977481858,0
782,44,Female,10,817.6625548686352,1,1,1,117007.44566667068,0
783,34,Male,24,5412.828687810626,3,1,1,106507.10993753938,0
784,26,Male,58,9996.851845715055,2,1,0,80079.21493396192,1
785,50,Female,57,655.7364082975491,3,1,1,90086.569724388,1
786,37,Male,42,7984.32623131481,1,0,1,48520.580268041405,0
787,30,Female,8,1280.3990350631375,2,0,0,83077.04201726207,0
788,45,Male,24,7606.271624060961,2,1,0,65564.95494398774,0
789,65,Male,16,7080.357154335546,1,1,1,68201.73397769325,1
790,46,Female,49,2305.383241604756,2,1,1,95777.6560375158,0
791,30,Male,26,2584.054293208948,2,1,0,48191.835559725165,1
792,63,Female,27,7717.7353115921105,3,1,1,51803.961169451984,1
793,52,Male,37,4075.9006307604386,1,1,1,112464.17911286367,0
794,23,Female,4,7038.9983158298965,1,1,0,25622.429485097226,0
795,35,Female,50,627.8256210241823,1,1,1,68563.42984133403,1
796,68,Male,24,8378.135600917089,1,0,0,111280.08004078617,0
797,22,Female,19,6819.73188350551,1,0,0,81036.30078181569,0
798,64,Male,36,8976.370897183173,2,0,0,74640.70742121321,1
799,42,Male,39,456.0961693846971,3,1,0,44974.41792293552,1
800,19,Male,10,5523.159503966574,1,1,1,54327.54890644483,1
801,27,Female,25,5590.326435443577,3,1,0,105204.84158046929,1
802,47,Female,18,2888.068146014607,3,0,1,75921.81317684581,1
803,67,Male,19,4043.130670261836,2,1,1,71474.21937567799,0
804,62,Male,36,-582.2028038116118,1,0,1,29957.971354002893,1
805,22,Female,10,7204.460424897132,2,1,1,21602.815645512313,1
806,50,Male,33,5042.547273434914,1,0,1,116368.51886870491,1
807,18,Male,55,-364.8484294390885,2,0,0,57698.61672868417,0
808,35,Female,50,6488.314822565341,3,0,0,80321.30620995043,1
809,49,Male,5,4134.602849543067,1,1,0,27971.507318728498,1
810,64,Female,47,-620.926146325,3,0,0,88311.42857230465,1
811,66,Male,49,9665.68499532905,3,1,1,113256.67087059609,0
812,28,Female,35,9440.233573983845,2,1,0,77566.52529974197,1
813,38,Male,44,4641.926577619173,1,1,1,32611.532237541054,1
814,43,Male,34,30.396627765012227,3,1,1,78172.15274734767,1
815,42,Female,33,7300.83343758451,2,1,0,96634.72131046523,0
816,39,Male,55,4411.2421011630195,1,0,0,60641.65365740187,0
817,44,Female,21,2326.9222611831788,1,1,0,107983.77479414678,0
818,66,Male,17,4405.599952814125,3,1,0,84868.29533573645,0
819,30,Female,22,4746.885599460109,1,1,1,109924.89182892026,1
820,50,Female,48,5189.828689245731,3,1,1,82350.53112473372,1
821,51,Female,37,3853.460850208592,1,1,0,33128.797200482426,0
822,58,Female,15,5663.308334529624,2,0,1,50969.17111051892,0
823,52,Male,35,9106.08181667015,3,0,1,40179.494825245696,1
824,18,Male,28,2984.9489580845025,3,1,1,110882.64977168624,1
825,38,Female,7,6982.88109541944,1,0,0,96040.00672874827,0
826,65,Female,32,8838.978125066555,1,0,1,87639.83689100061,0
827,23,Female,11,4015.772033359306,3,1,0,50096.631963162166,0
828,45,Male,10,3878.014200200945,1,0,0,38404.47720502135,0
829,34,Male,9,5623.286838902575,2,1,1,95645.10879889117,1
830,22,Male,14,5505.474353647369,1,0,1,67415.79458790796,0
831,48,Male,13,7872.482765589048,2,0,0,42578.95521506292,0
832,22,Female,57,4241.317221561219,2,0,1,81662.1978165275,1
833,55,Female,25,9957.352446033852,2,1,1,24033.3852138452,1
834,20,Female,2,-345.8127424599114,2,0,0,52617.02541282535,1
835,40,Male,35,-965.1536656122809,2,0,0,66855.69945911347,1
836,54,Male,7,6042.181427155862,1,1,0,34795.833410940584,1
837,54,Male,21,2282.7840359806437,2,1,0,118465.44775908395,0
838,27,Female,18,1644.206275694322,1,0,1,40909.73645896143,0
839,27,Female,3,2430.889880047085,2,1,1,33035.313004326556,0
840,36,Male,42,1816.5232161544973,3,0,0,40353.48738868964,1
841,34,Female,54,-661.3094537350737,2,0,0,96906.11331597243,0
842,38,Male,39,9686.863466296476,3,1,0,62550.56592718428,1
843,31,Male,41,1428.2003729805992,2,1,1,76541.59397525381,0
844,26,Female,49,7074.327388482369,2,1,0,22100.915698636076,0
845,63,Male,11,7388.560341635928,2,0,1,23443.130857331456,1
846,18,Female,39,9221.831378079522,3,1,0,64582.554982701615,1
847,68,Male,24,-663.9559719728203,3,0,0,101665.52432016235,0
848,62,Female,46,8592.531722917085,2,1,0,108523.88787075652,0
849,30,Female,19,4799.487989237802,1,0,1,28670.656759564023,0
850,21,Female,4,5957.985209624107,2,1,1,73836.31021010228,0
851,18,Male,26,6089.17304833137,3,0,1,111322.96862792705,0
852,66,Male,38,8017.7758548320035,2,1,0,58797.27543978864,1
853,57,Female,42,2667.4805437502155,3,0,1,102956.58314283685,1
854,49,Female,32,7063.563088459928,3,1,1,33369.56543994362,1
855,51,Male,39,4814.359206944168,3,1,0,113539.44896677988,1
856,45,Male,45,7727.334157358826,2,0,0,95142.33175313026,0
857,48,Male,46,9896.006360471467,3,1,1,114133.43927869017,0
858,25,Female,36,1207.1611914413734,3,0,1,87661.72335525065,1
859,56,Male,40,9941.135057159976,2,0,1,56340.3931999427,0
860,43,Male,37,-12.066302889485996,3,1,1,113818.11725247225,1
861,51,Female,33,-974.5069730470475,2,0,0,47556.677630917846,0
862,20,Male,36,-514.2187020438562,3,1,0,53217.25220617325,0
863,67,Male,3,2759.6064521043786,1,1,0,90080.84180017404,0
864,29,Male,9,5961.969637462776,1,0,1,96531.62995253863,1
865,18,Female,8,-240.67505023365413,3,1,1,112940.34838491539,1
866,61,Female,33,-937.67604017476,1,0,0,40480.24090562095,1
867,22,Female,59,9308.001313046743,2,0,0,99799.8035219224,1
868,47,Female,6,8041.192995339226,1,1,1,93854.60533969634,0
869,47,Female,41,7901.014882529342,3,1,1,26379.455625359788,0
870,34,Female,39,8728.667030521749,3,0,0,58722.314121020696,0
871,65,Female,4,6700.377000493148,2,0,0,48276.545706009856,0
872,64,Male,13,148.44542722889582,3,1,0,50449.04243540304,1
873,40,Male,49,3390.102068810954,2,1,1,118294.68795547009,0
874,32,Female,2,6954.644351110925,1,1,1,84277.7413479928,0
875,54,Male,5,2083.67906870673,1,1,1,91767.61577934996,0
876,38,Male,44,6561.470005498613,2,0,1,117661.76373150092,1
877,31,Female,27,-730.5170690558241,2,1,1,57720.17824576387,1
878,19,Male,32,2367.5107496755254,3,0,1,100184.0168452806,1
879,28,Male,21,5040.433699048899,1,0,0,63453.09633044954,0
880,68,Male,8,5952.988124568665,2,1,0,106953.36718149798,1
881,56,Male,38,5347.447309081019,1,0,1,38065.75413113032,0
882,55,Male,8,6675.319036807725,2,1,0,114768.61770642796,0
883,51,Female,50,-933.0237693617703,1,0,1,41877.170841087966,0
884,55,Female,3,110.35319975273637,3,1,0,52622.05069809315,1
885,67,Female,54,8558.386775070596,1,0,1,95619.22341067805,1
886,51,Male,44,6499.235084991774,1,0,0,59375.51415654067,0
887,35,Female,58,242.24806954612427,1,1,0,80821.13767664466,0
888,47,Male,3,8262.818811384372,1,1,1,64457.35010694285,1
889,32,Male,22,1664.5433960702362,1,0,1,94236.99370897819,1
890,44,Male,6,4260.858726147459,3,0,0,42833.12523686109,1
891,68,Male,2,597.1616417312632,2,1,0,25845.7987236877,0
892,51,Female,23,6811.210620638773,1,0,1,49992.93974730662,0
893,69,Female,44,6335.398631156946,3,1,0,67430.86648684304,0
894,55,Male,2,1322.2371828274981,1,0,1,36802.005219267856,1
895,50,Female,38,8497.40843542702,1,1,1,55479.72896563887,1
896,41,Male,17,3414.366266416834,2,0,0,59998.30182935685,1
897,32,Female,35,2217.66600177816,1,1,1,25739.184368827355,0
898,47,Female,34,675.6254841098901,3,1,0,78330.72481842045,0
899,59,Male,23,1927.848137670912,3,0,0,108434.34279712875,1
900,68,Female,30,-757.703866538013,2,1,1,35174.291295305244,0
901,34,Male,52,5415.832417017271,1,0,0,79780.8013401514,1
902,22,Female,8,8264.538209783426,3,1,1,86473.92049108463,0
903,46,Male,22,5038.78494385806,1,1,1,61933.468041928834,1
904,21,Male,44,1412.0135811626328,1,1,1,90109.758736427,0
905,27,Female,58,-629.6390396474001,1,0,0,61073.154349101205,0
906,34,Female,36,1360.9088058468315,2,1,1,70463.72879774349,1
907,27,Male,5,3577.335708782016,1,0,0,20735.3044554427,1
908,34,Female,13,7355.725715697761,3,1,1,89172.01141346888,1
909,37,Female,29,1066.2713779155151,1,0,1,86134.26789447245,1
910,41,Male,31,6917.705986901547,3,0,1,23840.087732634456,1
911,22,Male,47,8536.26815187072,1,0,0,56825.01073951331,0
912,51,Female,57,3993.4153291919274,3,1,0,117903.18407916673,1
913,23,Male,55,8035.751908068527,3,0,1,62073.65625686168,1
914,19,Male,16,5101.230828386051,1,1,1,70194.54051318417,1
915,30,Male,42,6007.999207889955,1,0,0,110993.01581597186,0
916,60,Female,30,4789.063063720229,3,0,0,91726.18758657564,1
917,60,Female,57,4094.899884264759,2,0,0,78207.01311242236,1
918,65,Male,55,1581.1878595343428,1,0,1,99780.46813410726,1
919,28,Female,16,2335.1346540715067,2,1,0,106436.62664559732,0
920,68,Male,12,2189.6713083796994,1,0,1,65688.80717372669,0
921,64,Female,17,5196.178240491962,1,0,0,67510.83649318354,1
922,40,Male,16,319.4906232627891,1,1,1,58605.09356518358,0
923,33,Male,12,9084.708597725687,1,0,1,116670.61400184606,1
924,48,Female,8,6927.206598114246,2,0,1,89716.62542903503,0
925,28,Male,20,3415.90194004513,1,0,0,28322.306620807227,1
926,33,Female,3,744.8655897901576,3,0,0,106295.96233130184,0
927,25,Female,16,8701.913866937994,3,1,0,68055.9940836268,1
928,21,Male,30,8061.558991112817,2,1,1,26875.390642248745,1
929,57,Male,45,6938.937079888972,1,0,1,74971.7255163311,0
930,21,Female,23,1987.017521523666,3,1,0,61716.42789757021,1
931,42,Male,28,3426.913011770358,2,1,1,107774.9404862625,1
932,20,Male,51,130.2307769766569,1,0,1,40399.46036093874,1
933,49,Male,40,1079.434772002849,3,1,1,102646.4609492183,1
934,20,Male,54,7613.183010484061,3,0,0,75768.86911854526,0
935,44,Male,5,6865.425907357522,2,1,1,25461.030321346905,1
936,46,Female,20,5528.343392735282,1,1,0,117184.53013254846,0
937,49,Female,40,8852.9939851879,1,1,0,71261.52441032,0
938,67,Male,56,5415.931695943499,3,0,0,49087.685423158255,0
939,68,Male,44,4136.647999599718,3,1,0,66940.68419892581,0
940,36,Male,1,2744.0782093633898,3,0,0,105785.7783517489,1
941,38,Female,57,9344.933563097899,1,0,1,50490.31243850635,1
942,22,Male,30,-90.12992323211154,2,1,0,39267.63964867003,0
943,35,Female,21,9239.761092668892,2,0,0,32907.124693088146,1
944,45,Female,20,8093.861259241201,1,1,0,49785.93983902113,0
945,59,Female,6,429.22916989271425,2,0,1,98004.80870400435,1
946,39,Male,22,5214.827934427789,3,0,1,67162.63651952616,1
947,38,Female,18,8532.027799239955,2,1,1,42748.160369353995,1
948,23,Male,8,5289.900799678691,2,1,1,36618.49996097492,0
949,18,Female,39,8979.198037166845,2,1,0,53272.94765103791,0
950,22,Male,32,9372.821984976468,3,1,0,113992.43728857089,1
951,58,Female,33,3646.229744027365,1,0,1,54302.67125900244,0
952,29,Male,53,3150.4502754695595,3,0,1,118812.40759546353,0
953,43,Female,16,9299.532693660725,1,0,1,68523.04557653562,1
954,63,Male,12,6426.540672646349,1,1,1,37916.39182901509,0
955,51,Male,38,276.2494948298622,1,0,0,109114.00917935093,1
956,66,Male,52,-534.7907585505068,2,1,1,66035.5373134827,1
957,31,Male,34,5210.9195609698945,2,0,1,90967.13435045244,1
958,43,Female,14,9231.88061982267,1,1,1,118371.15832091517,0
959,62,Female,36,8286.735726464003,1,0,1,25017.5350319974,1
960,44,Male,33,6434.325211107701,2,0,1,29669.455978756712,1
961,26,Female,23,530.2743378019627,3,1,1,92045.67414627562,0
962,43,Male,50,1796.5452212356513,1,0,1,48182.5003295472,0
963,64,Male,45,8630.623492078777,3,1,0,38430.13969500991,0
964,39,Female,2,1010.8796032259052,2,0,0,23936.18798197295,0
965,64,Male,41,2062.83349075478,1,0,0,22184.67119862018,1
966,47,Male,21,425.60716314986144,3,1,0,97448.56031197909,0
967,60,Female,2,6437.190545558522,3,1,0,33443.342736955,0
968,65,Male,27,9383.805358995305,3,0,0,66772.0615971151,0
969,34,Male,57,1958.6483475492455,2,0,1,80589.68151794831,0
970,43,Male,9,4229.472686350811,2,0,1,62835.18005688462,1
971,53,Male,1,5977.737136823247,3,0,0,22710.66523362331,0
972,18,Female,11,9994.128730371938,3,0,1,98350.15025879089,1
973,25,Female,3,152.8887149732932,2,0,0,21051.322454165347,0
974,66,Female,52,4484.278794562801,3,1,1,96188.9894377484,1
975,52,Male,23,3236.3213189275,3,1,1,109330.44937881228,1
976,69,Male,26,8524.021817445906,2,1,1,63283.992105717225,0
977,32,Female,4,4235.645041128215,3,0,1,73554.24730977982,1
978,64,Male,18,220.7527704366289,3,0,1,67698.33926176537,0
979,39,Male,55,5978.66559815242,3,0,1,58920.86186234388,1
980,31,Male,6,7478.586800902678,2,1,0,108742.45353703602,1
981,43,Male,35,-968.3062316782394,3,1,0,109393.35106699905,1
982,45,Female,22,8448.523539626925,2,0,1,53581.63646415345,0
983,40,Female,43,1046.253000062322,2,0,0,81506.9754014698,1
984,31,Female,15,5072.763011187157,1,1,1,112690.7562145864,0
985,41,Male,22,3573.772507561952,1,1,0,116205.84989413516,1
986,19,Female,37,6916.1919827158345,3,1,1,70895.90404220475,1
987,62,Female,52,3082.7777626431603,2,0,0,65282.48052843268,1
988,43,Male,42,8567.394943498819,1,0,1,47869.431592852576,1
989,31,Male,12,7035.459970546693,3,0,0,115887.187319041,1
990,68,Female,47,6124.844881692136,1,1,1,34281.43044728674,1
991,24,Female,49,7758.6465511913975,1,1,0,77982.9576047725,0
992,20,Female,42,7294.253384212205,2,0,1,48255.02675186389,0
993,64,Female,38,-604.6745758629133,2,0,1,47900.82903477966,0
994,40,Male,18,3342.0778922931095,1,1,1,60496.858737618844,1
995,63,Female,45,9238.880270481388,1,0,0,119879.29358156545,0
996,60,Female,35,382.9669589144885,2,1,0,25496.630683982206,1
997,64,Male,30,7108.062054752564,3,1,0,77854.18182035314,0
998,62,Female,24,9720.509924688626,2,0,1,28257.215803527717,0
999,35,Male,42,-425.81508050531204,1,1,0,35452.0829990519,1
1000,55,Male,30,6504.132686892715,3,0,1,63956.29417728987,1
